<?xml version="1.0" encoding="UTF-8"?>
<addon id="repository.kodiking" name="KodiKing Repository" version="1.0" provider-name="King">
    <requires>
        <import addon="xbmc.addon" version="12.0.0"/>
    </requires>
    <extension point="xbmc.addon.repository" name="KodiKing Repository">
        <dir>
		<info compressed="false">http://kodiking.xyz/king12/repo/zips/addons.xml</info>
		<checksum>http://kodiking.xyz/king12/repo/zips/addons.xml.md5</checksum>
		<datadir zip="true">http://kodiking.xyz/king12/repo/zips/</datadir>
        </dir>
    </extension>
    <extension point="xbmc.addon.metadata">
        <summary lang="en"></summary>
        <description lang="en"></description>
        <disclaimer lang="en"></disclaimer>
        <platform>all</platform>
        <assets>
            <icon>icon.png</icon>
            <fanart>fanart.jpg</fanart>
        </assets>
        <news></news>
    </extension>
</addon>